ye,ma,loc,brand,model,cla,home,frm,qu,cy,hp,we,pl,do,le,wi,he,li1,li2,li3,li,sp,ac,eurpr
88,Belgium,Italy,alfa romeo,33,compact,0,Fiat,2087,1351,58,910,5,5,401.5,161,134.5,5.800000190734863,NA,10,7.933333396911621,167,11.5,7527.23291015625
88,Belgium,Italy,alfa romeo,75,intermediate,0,Fiat,1263,1567,81,1060,5,4,433,163,140,6.900000095367432,9.399999618530273,NA,9.366666793823242,180,10.699999809265137,10538.1259765625
88,Belgium,Germany,audi,80/90,intermediate,0,VW,14528,1781,55,1020,5,4,439.5,169.5,139.5,5.400000095367432,6.900000095367432,10.899999618530273,NA,182,12.199999809265137,10164.775390625
88,Belgium,Germany,audi,100/200,standard,0,VW,4684,1781,66,1090,5,4,479.5,181.5,142,NA,7.599999904632568,11,8.133333206176758,176,12,12716.005859375
88,Belgium,Germany,BMW,3,standard,0,BMW,6899,1766,65,1010,5,2,432.5,164.5,138,NA,8.5,10.699999809265137,8.600000381469727,182,12.100000381469727,10748.888671875
88,Belgium,Germany,BMW,5,luxury,0,BMW,3548,1990,95,1425,5,4,472,175,141,7.5,9.199999809265137,NA,10.100000381469727,203,11.899999618530273,18868.263671875
88,Belgium,France,citroen,2CV6,subcompact,0,Peugeot,2317,602,21,585,4,5,383,148,160,5.400000095367432,6.099999904632568,6.800000190734863,NA,115,33.5,3396.28759765625
88,Belgium,France,citroen,AX,subcompact,0,Peugeot,10309,954,33,640,5,3,349.5,155,135.5,3.9000000953674316,5.599999904632568,5.599999904632568,NA,145,17.899999618530273,4785.31298828125
88,Belgium,France,citroen,BX,intermediate,0,Peugeot,11240,1360,46,900,5,5,424,168,136,5.599999904632568,7.5,7.699999809265137,NA,155,15.600000381469727,7501.138671875
88,Belgium,France,citroen,CX,standard,0,Peugeot,1897,1995,78,1355,5.800000190734863,5,493,177,146,NA,9.399999618530273,11.600000381469727,9.399999618530273,177,12.100000381469727,11736.4619140625
88,Belgium,France,citroen,visa,subcompact,0,Peugeot,1072,652,25,755,4.5,5,372,153,140,NA,5.800000190734863,6.5,5.833333492279053,125,26.200000762939453,4851.552734375
88,Belgium,Japan,daihatsu,domino,subcompact,0,Toyota,465,847,32,595,4,3,319.5,139.5,139.5,NA,6.300000190734863,5.800000190734863,5.366666793823242,135,15.699999809265137,4073.738525390625
88,Belgium,Japan,daihatsu,charade,subcompact,0,Toyota,1972,993,40,680,4.5,3,361,160,138.5,4.199999809265137,6.199999809265137,6.699999809265137,NA,145,14,4916.78857421875
88,Belgium,Japan,daihatsu,charmant,compact,0,Toyota,164,1290,48,830,5,4,417,162,138,5.800000190734863,7.800000190734863,8.100000381469727,NA,155,NA,6157.27685546875
88,Belgium,Italy,fiat,126,subcompact,0,Fiat,338,704,19,620,4,3,310.5,137.5,134.5,4.400000095367432,5.099999904632568,5.800000190734863,NA,116,33,3346.10595703125
88,Belgium,Italy,fiat,panda,subcompact,0,Fiat,1630,770,25,700,5,3,341,149.5,142,5,NA,6.199999809265137,5.599999904632568,125,23,4004.488037109375
88,Belgium,Italy,fiat,uno,subcompact,0,Fiat,6229,903,33,700,5,3,364.5,155,142.5,4.5,NA,6.199999809265137,5.5333333015441895,140,16.200000762939453,4612.6884765625
88,Belgium,Italy,fiat,regatta,intermediate,0,Fiat,992,1301,48,890,5,4,425,165,142,5.300000190734863,7,8.5,NA,155,13.5,7424.86279296875
88,Belgium,Italy,fiat,croma,standard,0,Fiat,1407,1585,61,1095,5,5,449.5,176,143,NA,7.599999904632568,8.800000190734863,7.400000095367432,170,14,9915.875
88,Belgium,Italy,fiat,ritmo,compact,0,Fiat,278,1116,43,860,5,5,399.5,165,142,NA,7.5,8.100000381469727,7,150,15.899999618530273,5935.47412109375
88,Belgium,Germany,ford,fiesta,subcompact,0,Ford,10820,957,33,750,5,3,365,158.5,133.5,5.400000095367432,7.099999904632568,NA,6.4666666984558105,137,20.600000381469727,5048.26416015625
88,Belgium,Germany,ford,escort,compact,0,Ford,13611,1297,44,840,5,3,402,164,137,5.599999904632568,7.099999904632568,NA,6.699999809265137,157,15.399999618530273,6704.25537109375
88,Belgium,Germany,ford,orion,compact,0,Ford,5242,1297,44,875,5,4,421.5,164,140,5.599999904632568,7.199999809265137,NA,6.733333110809326,157,15.800000190734863,7329.01611328125
88,Belgium,Belgium,ford,sierra,intermediate,0,Ford,10830,1598,55,1025,5,4,442.5,169.5,136,6.099999904632568,7.699999809265137,NA,7.566666603088379,165,14.199999809265137,8520.828125
88,Belgium,Germany,ford,scorpio,standard,0,Ford,1758,1993,77,1185,5,4,467,176,144,NA,7.699999809265137,10.800000190734863,8.233333587646484,188,11.5,11913.1005859375
88,Belgium,Japan,honda,civic,compact,0,Honda,5168,1343,55,800,5,3,396.5,168,133,5.099999904632568,6.800000190734863,NA,6.4666666984558105,168,11,7396.76123046875
88,Belgium,Japan,honda,accord,standard,0,Honda,1383,1598,65,1050,5,4,453.5,169.5,135.5,5.599999904632568,NA,9.399999618530273,7.4666666984558105,175,NA,9581.666015625
88,Belgium,Japan,honda,legend,luxury,0,Honda,125,2675,127,1290,5,4,469,169.5,139,NA,9.300000190734863,12.899999618530273,10.133333206176758,213,8.800000190734863,24055.029296875
88,Belgium,Japan,honda,integra,intermediate,0,Honda,1221,1488,56,900,5,4,438,166.5,134.5,6,NA,12,9,170,NA,8690.44140625
88,Belgium,Korea,hyundai,pony,compact,0,Hyundai,1185,1299,55,870,5,3,398.5,159.5,138,6,8.100000381469727,8.5,NA,155,NA,5419.4072265625
88,Belgium,Korea,hyundai,stellar,intermediate,0,Hyundai,324,1597,56,1000,5,4,441.5,171.5,137,8,10.5,13,NA,160,NA,7225.94287109375
88,Belgium,Italy,lancia,Y10,subcompact,0,Fiat,365,999,33,760,5,3,339,151,144,4.199999809265137,5.800000190734863,NA,5.4666666984558105,145,16,5574.1669921875
88,Belgium,Italy,lancia,delta,compact,0,Fiat,422,1301,57,950,5,5,389.5,162,138,5.5,NA,8.699999809265137,7.199999809265137,163,14.300000190734863,8171.56396484375
88,Belgium,Italy,lancia,thema,luxury,0,Fiat,431,1995,88,1130,5,4,459,176,142,NA,8.399999618530273,9.600000381469727,8.133333206176758,195,9.699999809265137,15568.3251953125
88,Belgium,Italy,lancia,prisma,intermediate,0,Fiat,480,1499,59,955,5,4,418,162,138.5,NA,7.199999809265137,9.100000381469727,7.266666889190674,166,12.100000381469727,8954.396484375
88,Belgium,Japan,mazda,121,subcompact,0,Mazda,674,1138,41,700,4,3,347.5,160.5,145,5,NA,9,7,150,13.600000381469727,5399.53515625
88,Belgium,Japan,mazda,323,compact,0,Mazda,4329,1323,49,830,5,3,399.5,164.5,139,7.300000190734863,5.300000190734863,6.5,NA,160,NA,6019.779296875
88,Belgium,Japan,mazda,626,intermediate,0,Mazda,4660,1789,66,1070,5,4,451.5,169,139.5,NA,9,11,9,172,13,8579.0380859375
88,Belgium,Japan,mazda,929,standard,0,Mazda,257,2184,100,1310,5.5,4,488.5,170.5,142.5,7,NA,11.5,9.266666412353516,187,9.899999618530273,13649.3828125
88,Belgium,Germany,mercedes,190,luxury,0,Mercedes,4782,1997,77,1130,5,4,442,168,139,6.199999809265137,NA,10.800000190734863,8.366666793823242,183,12.800000190734863,16459.548828125
88,Belgium,Germany,mercedes,200,luxury,0,Mercedes,6685,1997,77,1280,5,4,474,174,144.5,6.400000095367432,8.100000381469727,NA,8.633333206176758,187,12.600000381469727,18516.994140625
88,Belgium,Japan,mitsubishi,colt,compact,0,Mitsubishi,3522,1198,44,800,5,3,387,163.5,136,5.599999904632568,7.5,NA,7.099999904632568,150,NA,5720.49658203125
88,Belgium,Japan,mitsubishi,lancer,intermediate,0,Mitsubishi,2213,1198,44,820,5,4,412.5,163.5,136,5.599999904632568,NA,8.199999809265137,7.099999904632568,150,NA,6894.74462890625
88,Belgium,Japan,mitsubishi,sapporo,standard,0,Mitsubishi,149,2351,95,1245,5,4,466,169,137,6.800000190734863,8.300000190734863,13,NA,190,NA,14472.1591796875
88,Belgium,Japan,mitsubishi,galant,intermediate,0,Mitsubishi,2520,1755,66,1060,5,4,453,169.5,141.5,5.800000190734863,NA,10.100000381469727,7.866666793823242,170,12.699999809265137,9433.931640625
88,Belgium,Japan,nissan,micra,subcompact,0,Nissan,5161,988,37,700,4,3,364,156,139.5,5,NA,6.400000095367432,6,142,15.899999618530273,4978.01025390625
88,Belgium,Japan,nissan,sunny,compact,0,Nissan,10779,988,37,910,5,5,403,164,138,6,NA,8,6.833333492279053,135,NA,5951.5322265625
88,Belgium,Japan,nissan,bluebird,intermediate,0,Nissan,3939,1598,61,1070,5,4,436,169,139,7,8.5,NA,8.5,165,NA,7888.5400390625
88,Belgium,Japan,nissan,laurel,standard,0,Nissan,394,2393,94,1240,5,4,465,169,142,9,NA,15,12,190,10.399999618530273,13518.91015625
88,Belgium,Spain,opel,corsa,subcompact,0,GeneralMotors,12861,993,33,740,5,3,362,153,136.5,NA,6.599999904632568,7.199999809265137,6.233333110809326,143,19.5,5198.80908203125
88,Belgium,Germany,opel,kadet,compact,0,GeneralMotors,22622,1196,40,850,5,3,400,166.5,140,5.599999904632568,NA,8.899999618530273,7.266666412353516,160,16.5,6359.00634765625
88,Belgium,Germany,opel,omega,standard,0,GeneralMotors,8553,1796,65,1150,5,4,468.5,177,144.5,NA,7.099999904632568,9.5,7.400000095367432,183,14,10602.3583984375
88,Belgium,Germany,opel,senator,luxury,0,GeneralMotors,515,2969,130,1415,5,4,484.5,176.5,145,NA,8.899999618530273,14.600000381469727,10.233333587646484,220,9,21917.8984375
88,Belgium,Germany,opel,ascona,intermediate,0,GeneralMotors,4114,1297,55,940,5,4,436.5,167,139.5,NA,7.800000190734863,8.899999618530273,7.5,160,15.5,8121.3828125
88,Belgium,France,peugeot,205,subcompact,0,Peugeot,18876,954,32,740,5,3,370.5,156,137.5,NA,6.300000190734863,6.800000190734863,5.900000095367432,143,18.799999237060547,5323.25927734375
88,Belgium,France,peugeot,309,compact,0,Peugeot,8284,1118,40.5,850,5,3,405,163,138,5.300000190734863,NA,7.400000095367432,6.5333333015441895,150,17.299999237060547,6391.12255859375
88,Belgium,France,peugeot,405,intermediate,0,Peugeot,12062,1360,47,970,5,4,441,171.5,140.5,5.5,NA,8.300000190734863,7,160,16.5,8298.021484375
88,Belgium,France,peugeot,505,standard,0,Peugeot,1603,1796,62,1215,5.699999809265137,5,490,173,154,NA,8.300000190734863,11.300000190734863,8.633333206176758,157,14.5,10176.8193359375
88,Belgium,France,renault,4,subcompact,0,Renault,1564,956,25,695,4,5,366,148,155,6,6.5,7.099999904632568,NA,118,NA,5158.66357421875
88,Belgium,France,renault,5,subcompact,0,Renault,13585,1108,35,725,5,3,359,158.5,139,4.5,NA,5.800000190734863,5.4666666984558105,143,16,5053.2822265625
88,Belgium,France,renault,21,intermediate,0,Renault,7812,1721,56,955,5,4,446,170.5,141.5,NA,6.900000095367432,8.800000190734863,7.0333333015441895,176,12,8828.9423828125
88,Belgium,France,renault,25,standard,0,Renault,4984,1995,76,1120,5,5,462.5,177,140.5,5.300000190734863,7,9.600000381469727,NA,182,11.5,11401.2490234375
88,Belgium,France,renault,9,compact,0,Renault,3119,1237,40.5,825,5,4,413,166.5,141,NA,7.300000190734863,7.599999904632568,6.733333587646484,146,16,6147.240234375
88,Belgium,France,renault,11,compact,0,Renault,4587,1237,40.5,850,5,4,404.5,166.5,141,5.099999904632568,7,NA,6.566666603088379,148,16,6751.92822265625
88,Belgium,UK,rover,mini,subcompact,0,Rover,459,998,30,625,4,2,305,141,135,4.699999809265137,6.400000095367432,6.199999809265137,NA,129,17.899999618530273,4175.0048828125
88,Belgium,UK,rover,metro,subcompact,0,Rover,1307,998,34.5,750,5,3,340.5,155,137,NA,7,6.199999809265137,5.9666666984558105,140,17.899999618530273,4817.32861328125
88,Belgium,UK,rover,montego,intermediate,0,Rover,467,1275,48.5,950,5,4,447,171,142,5.300000190734863,7.300000190734863,NA,6.800000190734863,154,13,7326.5068359375
88,Belgium,UK,rover,maestro,compact,0,Rover,221,1275,48.5,875,5,5,400,169,142,5.400000095367432,NA,7.800000190734863,6.900000095367432,156,12.5,6423.138671875
88,Belgium,UK,rover,200,compact,0,Rover,1221,1342,53.5,860,5,5,415.5,162.5,138,NA,7.400000095367432,7.400000095367432,6.733333587646484,155,11.699999809265137,8008.97607421875
88,Belgium,UK,rover,800,standard,0,Rover,316,1996,103,1270,5,4,469.5,173,140,NA,8.199999809265137,10.5,8.433333396911621,203,8.800000190734863,13629.3095703125
88,Belgium,UK,rover,sterling,standard,0,Rover,119,2494,127,1360,5,4,469.5,173,140,7.099999904632568,8.800000190734863,12.600000381469727,NA,214,7.800000190734863,20975.888671875
88,Belgium,Sweden,saab,900,standard,0,Saab,865,1985,73,1120,5,3,468,169,143,NA,9.600000381469727,12.899999618530273,9.766666412353516,165,14,13458.6923828125
88,Belgium,Sweden,saab,9000,luxury,0,Saab,845,1985,98,1300,5,5,462,176.5,142,5.900000095367432,8,NA,8.566666603088379,190,10.5,18311.248046875
88,Belgium,Spain,seat,marbella,subcompact,0,VW,742,843,25,680,5,3,347.5,150,144.5,4.900000095367432,6.900000095367432,7.300000190734863,NA,131,24,3811.790771484375
88,Belgium,Spain,seat,ibiza,subcompact,0,VW,4217,903,32.5,875,5,3,364,161,139.5,5.5,NA,9,7.433333396911621,155,16,4757.21142578125
88,Belgium,Spain,seat,malaga,intermediate,0,VW,445,1193,46.5,910,5,4,427.5,165,140,5,7,NA,7.099999904632568,150,17,6464.7890625
88,Belgium,Japan,subaru,700/1000,subcompact,0,FujiHI,429,665,27,570,4,3,319.5,139.5,142,5.099999904632568,5.599999904632568,NA,5.599999904632568,125,NA,4092.8076171875
88,Belgium,Japan,suzuki,alto,subcompact,0,Suzuki,1511,796,29.5,630,4,3,330,140.5,141,5,7.099999904632568,NA,6.166666507720947,133,20.5,4173.09814453125
88,Belgium,Japan,suzuki,swift,subcompact,0,Suzuki,2326,993,39,680,5,3,367,153,135,NA,6.099999904632568,6.900000095367432,5.666666507720947,145,15.899999618530273,4863.59619140625
88,Belgium,Japan,toyota,starlet,subcompact,0,Toyota,5434,999,40,745,4.5,3,370,159,139.5,5.099999904632568,7.199999809265137,NA,6.133333206176758,150,13.5,5198.80908203125
88,Belgium,Japan,toyota,corolla,compact,0,Toyota,16517,1296,55,880,5,3,399.5,165.5,136,5.699999809265137,7.699999809265137,NA,6.733333110809326,155,11.699999809265137,6443.3115234375
88,Belgium,Japan,toyota,carina2,intermediate,0,Toyota,4760,1587,75,970,5,4,438,169,137,5.400000095367432,NA,8.800000190734863,7.0333333015441895,180,11.5,9092.8974609375
88,Belgium,Japan,toyota,camry,standard,0,Toyota,1801,1998,94,1150,5,4,452,169,137,6,NA,11,8.5,170,NA,11220.595703125
88,Belgium,Germany,VW,polo,subcompact,0,VW,7896,1043,33,730,4.5,3,365.5,158,135.5,5.599999904632568,7.599999904632568,NA,6.933333396911621,142,19.5,5405.55712890625
88,Belgium,Germany,VW,golf,compact,0,VW,27792,1272,40,845,5,3,398.5,166.5,141.5,5.5,7.300000190734863,NA,6.900000095367432,151,16.5,7027.4248046875
88,Belgium,Germany,VW,jetta,compact,0,VW,7514,1272,40,895,5,4,431.5,166.5,141.5,5.699999809265137,NA,7.900000095367432,7.0333333015441895,149,17,7376.6884765625
88,Belgium,Germany,VW,passat,intermediate,0,VW,3864,1595,53,1125,5,4,457.5,170.5,143,5.5,7.300000190734863,NA,7.599999904632568,169,16.100000381469727,9847.6279296875
88,Belgium,Netherlands,volvo,340,compact,0,Volvo,3343,1397,52,995,5,5,432,166,139,5.800000190734863,7.800000190734863,8.800000190734863,NA,155,15,7419.3427734375
88,Belgium,Sweden,volvo,440-460,intermediate,0,Volvo,546,1721,66,1015,5,5,431,168,138,5.099999904632568,6.900000095367432,NA,7.133333206176758,175,11.5,10467.8720703125
88,Belgium,Sweden,volvo,240,standard,0,Volvo,1466,2316,85.5,1250,5,4,479,171,143,6.699999809265137,9.300000190734863,NA,9.666666984558105,170,12.5,12625.6787109375
88,Belgium,Sweden,volvo,740-760,luxury,0,Volvo,3190,2316,86,1250,5,4,478.5,175,141,6.599999904632568,8.899999618530273,11.800000190734863,NA,178,12.5,14693.1591796875
88,Belgium,Yugoslavia,yugo,,subcompact,0,Yugo,166,903,33,720,4.5,3,349,154,139,5.900000095367432,NA,8.399999618530273,7.4666666984558105,135,21.700000762939453,3711.427734375
88,France,Italy,alfa romeo,33,compact,0,Fiat,9442,1351,58,910,5,5,401.5,161,134.5,NA,8,10,7.933333396911621,167,11.5,8444.0087890625
88,France,Italy,alfa romeo,75,intermediate,0,Fiat,5756,1567,81,1060,5,4,433,163,140,6.900000095367432,NA,11.800000190734863,9.366666793823242,180,10.699999809265137,10576.7099609375
88,France,Italy,alfa romeo,164,luxury,0,Fiat,969,1962,109,1200,5,4,455.5,176,140,NA,8.5,10,8.333333015441895,210,9.199999809265137,18103.16015625
88,France,Germany,audi,80/90,intermediate,0,VW,29679,1781,66,1020,5,4,439.5,169.5,139.5,5.400000095367432,6.900000095367432,NA,7.733333110809326,182,12.199999809265137,11866.25
88,France,Germany,audi,100/200,standard,0,VW,5536,1781,66,1090,5,4,479.5,181.5,142,5.800000190734863,7.599999904632568,NA,8.133333206176758,176,12,14581.724609375
88,France,Germany,BMW,3,standard,0,BMW,18789,1596,75,1080,5,2,432.5,164.5,138,8.5,NA,8.5,8.5,182,12.100000381469727,12089.439453125
88,France,Germany,BMW,5,luxury,0,BMW,10301,1990,95,1425,5,4,472,175,141,7.5,9.199999809265137,13.600000381469727,NA,203,11.899999618530273,20459.05078125
88,France,France,citroen,2CV6,subcompact,1,Peugeot,6837,602,21,585,4,5,383,148,160,NA,6.099999904632568,6.800000190734863,6.099999904632568,115,33.5,4662.18408203125
88,France,France,citroen,AX,subcompact,1,Peugeot,129315,954,33,640,5,3,349.5,155,135.5,NA,5.599999904632568,5.599999904632568,5.0333333015441895,145,17.899999618530273,5530.1435546875
88,France,France,citroen,BX,intermediate,1,Peugeot,109353,1360,46,900,5,5,424,168,136,5.599999904632568,NA,7.699999809265137,6.933333396911621,155,15.600000381469727,8208.419921875
88,France,France,citroen,CX,standard,1,Peugeot,11961,1995,78,1355,5.800000190734863,5,493,177,146,7.199999809265137,9.399999618530273,NA,9.399999618530273,177,12.100000381469727,11928.2470703125
88,France,Italy,fiat,126,subcompact,0,Fiat,1507,704,19,620,4,3,310.5,137.5,134.5,4.400000095367432,5.099999904632568,NA,5.099999904632568,116,33,4042.212646484375
88,France,Italy,fiat,panda,subcompact,0,Fiat,19334,770,25,700,5,3,341,149.5,142,5,NA,6.199999809265137,5.599999904632568,125,23,4736.58056640625
88,France,Italy,fiat,uno,subcompact,0,Fiat,66862,903,33,700,5,3,364.5,155,142.5,4.5,NA,6.199999809265137,5.5333333015441895,140,16.200000762939453,5282.1552734375
88,France,Italy,fiat,tipo,compact,0,Fiat,12893,1372,53,945,5,5,396,170,144.5,NA,7.099999904632568,8.5,6.933333396911621,161,13,7749.640625
88,France,Italy,fiat,regatta,intermediate,0,Fiat,4817,1301,48,890,5,4,425,165,142,NA,7,8.5,6.933333396911621,155,13.5,7625.646484375
88,France,Italy,fiat,croma,standard,0,Fiat,8788,1585,61,1095,5,5,449.5,176,143,NA,7.599999904632568,8.800000190734863,7.400000095367432,170,14,10117.9306640625
88,France,Germany,ford,fiesta,subcompact,0,Ford,46378,957,33,750,5,3,365,158.5,133.5,5.400000095367432,NA,6.900000095367432,6.4666666984558105,137,20.600000381469727,5480.5458984375
88,France,Germany,ford,escort,compact,0,Ford,44609,1117,37,825,5,3,402,164,137,5.099999904632568,NA,7.5,6.5,145,18.200000762939453,7588.4482421875
88,France,Germany,ford,orion,compact,0,Ford,12272,1297,44,875,5,4,421.5,164,140,5.599999904632568,NA,7.400000095367432,6.733333110809326,157,15.800000190734863,8444.0087890625
88,France,Belgium,ford,sierra,intermediate,0,Ford,34292,1598,55,1025,5,4,442.5,169.5,136,6.099999904632568,7.699999809265137,NA,7.566666603088379,165,14.199999809265137,9026.78125
88,France,Germany,ford,scorpio,standard,0,Ford,4567,1993,77,1185,5,4,467,176,144,NA,7.699999809265137,10.800000190734863,8.233333587646484,188,11.5,12709.4111328125
88,France,Japan,honda,civic,compact,0,Honda,4969,1369,66,825,5,3,396.5,167.5,133,6,8,10,NA,178,9.800000190734863,9733.548828125
88,France,Japan,honda,accord,standard,0,Honda,2512,1995,90,1100,5,4,453.5,169.5,135.5,6.900000095367432,8.699999809265137,NA,8.699999809265137,184,9.699999809265137,12833.4052734375
88,France,Japan,honda,legend,luxury,0,Honda,750,2675,127,1290,5,4,469,169.5,139,8.199999809265137,NA,12.899999618530273,10.133333206176758,213,8.800000190734863,30006.609375
88,France,Italy,lancia,Y10,subcompact,0,Fiat,5696,999,33,760,5,3,339,151,144,4.199999809265137,5.800000190734863,6.400000095367432,NA,145,16,5567.341796875
88,France,Italy,lancia,delta,compact,0,Fiat,3063,1301,57,950,5,5,389.5,162,138,5.5,7.400000095367432,NA,7.199999809265137,163,14.300000190734863,8543.2041015625
88,France,Italy,lancia,thema,luxury,0,Fiat,2251,1995,88,1130,5,4,459,176,142,6.400000095367432,NA,9.600000381469727,8.133333206176758,195,9.699999809265137,15933.26171875
88,France,Italy,lancia,prisma,intermediate,0,Fiat,2127,1302,57,950,5,4,418,162,138.5,5.5,NA,8.699999809265137,7.199999809265137,163,14.300000190734863,8952.384765625
88,France,Japan,mazda,121,subcompact,0,Mazda,432,1138,41,700,4,3,347.5,160.5,145,5,7,NA,7,150,13.600000381469727,7303.26171875
88,France,Japan,mazda,323,compact,0,Mazda,8717,1323,49,830,5,3,399.5,164.5,139,NA,5.300000190734863,6.5,6.366666793823242,160,NA,6855.64208984375
88,France,Japan,mazda,626,intermediate,0,Mazda,7965,1789,66,1070,5,4,451.5,169,139.5,7,NA,11,9,172,13,9323.1279296875
88,France,Japan,mazda,929,standard,0,Mazda,520,2184,85,1310,5.5,4,488.5,170.5,142.5,NA,9.300000190734863,11.5,9.266666412353516,187,9.899999618530273,14011.3505859375
88,France,Germany,mercedes,190,luxury,0,Mercedes,13990,1997,77,1130,5,4,442,168,139,6.199999809265137,8.100000381469727,10.800000190734863,NA,183,12.800000190734863,17545.1875
88,France,Germany,mercedes,200,luxury,0,Mercedes,11043,1997,80,1280,5,4,474,174,144.5,NA,8.100000381469727,11.399999618530273,8.633333206176758,185,13,19677.888671875
88,France,Japan,mitsubishi,colt,compact,0,Mitsubishi,891,1468,55,820,5,3,387,164,136,NA,7.099999904632568,8.399999618530273,6.899999618530273,153,NA,8568.0029296875
88,France,Japan,mitsubishi,lancer,intermediate,0,Mitsubishi,283,1468,55,840,5,4,412.5,163.5,136,5.199999809265137,7.099999904632568,8.399999618530273,NA,153,NA,9113.5771484375
88,France,Japan,nissan,micra,subcompact,0,Nissan,6181,988,37,700,4,3,364,156,139.5,5,NA,6.400000095367432,6,142,15.899999618530273,5825.25
88,France,Japan,nissan,sunny,compact,0,Nissan,6742,1270,44,890,5,5,403,164,138,6,NA,10,8,156,14.899999618530273,8171.22119140625
88,France,Japan,nissan,bluebird,intermediate,0,Nissan,3927,1598,61,1070,5,4,436,169,139,7,NA,10,8.5,165,NA,10700.7041015625
88,France,Spain,opel,corsa,subcompact,0,GeneralMotors,62398,993,33,740,5,3,362,153,136.5,NA,6.599999904632568,7.199999809265137,6.233333110809326,143,19.5,5609.5
88,France,Germany,opel,kadet,compact,0,GeneralMotors,25770,1196,40,850,5,3,400,166.5,140,5.599999904632568,NA,8.899999618530273,7.266666412353516,160,16.5,7228.86474609375
88,France,Germany,opel,vectra,intermediate,0,GeneralMotors,2759,1389,55,990,5,4,443,170,140,NA,6.300000190734863,9.199999809265137,6.833333492279053,176,14.5,9485.560546875
88,France,Germany,opel,omega,standard,0,GeneralMotors,4508,1796,65,1150,5,4,468.5,177,144.5,NA,7.099999904632568,9.5,7.400000095367432,183,14,11323.1552734375
88,France,Germany,opel,senator,luxury,0,GeneralMotors,405,2969,130,1415,5,4,484.5,176.5,145,NA,8.899999618530273,14.600000381469727,10.233333587646484,220,9,22573.154296875
88,France,France,peugeot,205,subcompact,1,Peugeot,230611,954,32,740,5,3,370.5,156,137.5,4.599999904632568,6.300000190734863,6.800000190734863,NA,143,18.799999237060547,5852.52880859375
88,France,France,peugeot,309,compact,1,Peugeot,98228,1118,40.5,850,5,3,405,163,138,NA,6.900000095367432,7.400000095367432,6.5333333015441895,150,17.299999237060547,6968.47705078125
88,France,France,peugeot,405,intermediate,1,Peugeot,138700,1360,47,970,5,4,441,171.5,140.5,NA,7.199999809265137,8.300000190734863,7,160,16.5,8853.189453125
88,France,France,peugeot,505,standard,1,Peugeot,10801,1796,66,1215,5.699999809265137,5,490,173,154,NA,8.300000190734863,11.300000190734863,8.633333206176758,157,14.5,10489.9140625
88,France,France,peugeot,305,compact,1,Peugeot,5088,1580,59,930,5,4,426.5,163.5,141,5.599999904632568,7.400000095367432,NA,7.299999713897705,160,14,8927.5859375
88,France,France,renault,4,subcompact,1,Renault,16720,956,25,695,4,5,366,148,155,6,NA,7.099999904632568,6.5333333015441895,118,NA,5034.16650390625
88,France,France,renault,5,subcompact,1,Renault,241844,1108,35,725,5,3,359,158.5,139,NA,6.099999904632568,5.800000190734863,5.4666666984558105,143,16,5654.1376953125
88,France,France,renault,19,compact,1,Renault,61169,1397,44,900,5,3,415.5,167.5,141.5,5.099999904632568,6.699999809265137,7.800000190734863,NA,160,15,7563.6494140625
88,France,France,renault,21,intermediate,1,Renault,155171,1721,56,955,5,4,446,170.5,141.5,NA,6.900000095367432,8.800000190734863,7.0333333015441895,176,12,9026.78125
88,France,France,renault,25,standard,1,Renault,68432,1995,76,1120,5,5,462.5,177,140.5,5.300000190734863,7,9.600000381469727,NA,182,11.5,11965.4453125
88,France,France,renault,9,compact,1,Renault,12657,1237,40.5,825,5,4,413,166.5,141,5.300000190734863,NA,7.599999904632568,6.733333587646484,146,16,6794.88525390625
88,France,France,renault,11,compact,1,Renault,62509,1237,40.5,850,5,4,404.5,166.5,141,5.099999904632568,7,7.599999904632568,NA,148,16,7427.255859375
88,France,UK,rover,mini,subcompact,0,Rover,8337,998,30,625,4,2,305,141,135,4.699999809265137,NA,6.199999809265137,5.766666412353516,129,17.899999618530273,5021.76708984375
88,France,UK,rover,metro,subcompact,0,Rover,15821,998,34.5,750,5,3,340.5,155,137,4.699999809265137,7,6.199999809265137,NA,140,17.899999618530273,5592.140625
88,France,UK,rover,montego,intermediate,0,Rover,4137,1275,48.5,950,5,4,447,171,142,5.300000190734863,7.300000190734863,NA,6.800000190734863,154,13,8245.6181640625
88,France,UK,rover,maestro,compact,0,Rover,2978,1275,48.5,875,5,5,400,169,142,5.400000095367432,7.5,NA,6.900000095367432,156,12.5,7315.6611328125
88,France,UK,rover,200,compact,0,Rover,5732,1342,53.5,860,5,5,415.5,162.5,138,NA,7.400000095367432,7.400000095367432,6.733333587646484,155,11.699999809265137,8803.591796875
88,France,UK,rover,800,standard,0,Rover,3808,1996,88.5,1270,5,4,469.5,173,140,NA,7.300000190734863,14,9.766666412353516,195,11,14259.3388671875
88,France,Sweden,saab,900,standard,0,Saab,1206,1985,87,1120,5,3,468,169,143,6.900000095367432,9.899999618530273,13.399999618530273,NA,175,12,15065.3017578125
88,France,Sweden,saab,9000,luxury,0,Saab,1672,1985,98,1300,5,5,462,176.5,142,NA,8,11.800000190734863,8.566666603088379,190,10.5,20012.671875
88,France,Spain,seat,marbella,subcompact,0,VW,5050,843,25,680,5,3,347.5,150,144.5,NA,6.900000095367432,7.300000190734863,6.366666793823242,131,24,4451.3935546875
88,France,Spain,seat,ibiza,subcompact,0,VW,25354,903,32.5,875,5,3,364,161,139.5,5.5,7.800000190734863,NA,7.433333396911621,155,16,5330.5126953125
88,France,Spain,seat,malaga,intermediate,0,VW,3069,1193,46.5,978,5,4,427.5,165,140,5,7,9.300000190734863,NA,150,17,6782.48583984375
88,France,Japan,toyota,corolla,compact,0,Toyota,8494,1296,55,880,5,3,399.5,165.5,136,NA,7.699999809265137,6.800000190734863,6.733333110809326,155,11.699999809265137,8859.3896484375
88,France,Japan,toyota,carina2,intermediate,0,Toyota,1256,1998,94,1100,5,4,438,169,137,8.800000190734863,5.800000190734863,7.5,NA,195,9.300000190734863,13323.1826171875
88,France,Germany,VW,polo,subcompact,0,VW,26017,1043,33,730,4.5,3,365.5,158,135.5,NA,7.599999904632568,7.599999904632568,6.933333396911621,142,19.5,5573.54150390625
88,France,Germany,VW,golf,compact,0,VW,78582,1272,40,845,5,3,398.5,166.5,141.5,5.5,NA,7.900000095367432,6.900000095367432,151,16.5,6819.68408203125
88,France,Germany,VW,jetta,compact,0,VW,8523,1595,55,900,5,4,431.5,166.5,141.5,NA,8.100000381469727,8.699999809265137,7.599999904632568,165,13.399999618530273,9814.1455078125
88,France,Germany,VW,passat,intermediate,0,VW,6115,1781,66,1125,5,4,457.5,170.5,143,NA,7.599999904632568,10.5,8.033332824707031,177,13.800000190734863,11264.8779296875
88,France,Netherlands,volvo,340,compact,0,Volvo,5564,1397,52,995,5,5,432,166,139,5.800000190734863,7.800000190734863,NA,7.4666666984558105,155,15,8282.81640625
88,France,Sweden,volvo,440-460,intermediate,0,Volvo,996,1721,66,1015,5,5,431,168,138,5.099999904632568,NA,9.399999618530273,7.133333206176758,175,11.5,13267.384765625
88,France,Sweden,volvo,240,standard,0,Volvo,1680,1986,87,1250,5,4,479,171,143,6.599999904632568,NA,11.600000381469727,9.100000381469727,160,14,13862.5576171875
88,France,Sweden,volvo,740-760,luxury,0,Volvo,7184,1986,85.5,1250,5,4,478.5,175,141,7,NA,13,9.733333587646484,180,10,15896.0634765625
88,France,Yugoslavia,yugo,,subcompact,0,Yugo,1341,903,33,720,4.5,3,349,154,139,NA,8.100000381469727,8.399999618530273,7.4666666984558105,135,21.700000762939453,4019.893798828125
88,Germany,Italy,alfa romeo,33,compact,0,Fiat,2471,1717,77,910,5,5,401.5,161,134.5,6,7.599999904632568,NA,7.766666412353516,185,9.699999809265137,9043.0107421875
88,Germany,Italy,alfa romeo,75,intermediate,0,Fiat,1518,1779,88.5,1060,5,4,433,163,140,NA,9.199999809265137,12.199999809265137,9.466666221618652,190,9.5,10851.61328125
88,Germany,Italy,alfa romeo,164,luxury,0,Fiat,621,1948,105,1200,5,4,455.5,176,140,6.5,8.5,10,NA,210,9.199999809265137,15730.6328125
88,Germany,Germany,audi,80/90,intermediate,1,VW,136500,1760,55,1020,5,4,439.5,169.5,139.5,5.400000095367432,6.900000095367432,NA,7.733333110809326,182,12.199999809265137,10498.3046875
88,Germany,Germany,audi,100/200,standard,1,VW,48555,1781,66,1090,5,4,479.5,181.5,142,5.800000190734863,7.599999904632568,11,NA,176,12,12786.396484375
88,Germany,Germany,BMW,3,standard,1,BMW,93722,1596,75,1080,5,2,432.5,164.5,138,8.5,8.5,8.5,NA,182,12.100000381469727,10914.7041015625
88,Germany,Germany,BMW,5,luxury,1,BMW,65337,1990,95,1425,5,4,472,175,141,7.5,9.199999809265137,NA,10.100000381469727,203,11.899999618530273,16487.72265625
88,Germany,France,citroen,2CV6,subcompact,0,Peugeot,8061,602,21,585,4,5,383,148,160,5.400000095367432,6.099999904632568,6.800000190734863,NA,115,33.5,3949.482421875
88,Germany,France,citroen,AX,subcompact,0,Peugeot,10182,1124,40,645,5,3,349.5,155,135.5,4.800000190734863,6.5,7.599999904632568,NA,161,14.600000381469727,5446.8369140625
88,Germany,France,citroen,BX,intermediate,0,Peugeot,14384,1360,53,900,5,5,440,168,142,5.5,7.099999904632568,8.5,NA,163,13.5,7886.3466796875
88,Germany,France,citroen,CX,standard,0,Peugeot,2984,2165,84.5,1420,5.800000190734863,5,493,177,146,NA,8.5,12,9.033332824707031,186,10.600000381469727,12714.8935546875
88,Germany,France,citroen,visa,subcompact,0,Peugeot,1418,1769,44,890,4.5,5,372,153,140,NA,5.900000095367432,5.5,5.233333587646484,153,15.699999809265137,6834.83349609375
88,Germany,Japan,daihatsu,domino,subcompact,0,Toyota,4256,847,32,595,4,3,319.5,139.5,139.5,4,NA,5.800000190734863,5.366666793823242,135,15.699999809265137,4563.56591796875
88,Germany,Japan,daihatsu,charade,subcompact,0,Toyota,5154,993,40,680,4.5,3,361,160,138.5,4.199999809265137,6.199999809265137,NA,5.699999809265137,145,14,5678.16943359375
88,Germany,Italy,fiat,126,subcompact,0,Fiat,2184,704,19,620,4,3,310.5,137.5,134.5,4.400000095367432,NA,5.800000190734863,5.099999904632568,116,33,3596.174072265625
88,Germany,Italy,fiat,panda,subcompact,0,Fiat,32576,770,25,700,5,3,341,149.5,142,NA,5.599999904632568,6.199999809265137,5.599999904632568,125,23,4370.08740234375
88,Germany,Italy,fiat,uno,subcompact,0,Fiat,48857,999,33,700,5,3,364.5,155,142.5,NA,5.900000095367432,6.199999809265137,5.5333333015441895,145,16.200000762939453,5673.96337890625
88,Germany,Italy,fiat,tipo,compact,0,Fiat,10692,1372,53,945,5,5,396,170,144.5,5.199999809265137,7.099999904632568,8.5,NA,161,13,7314.32373046875
88,Germany,Italy,fiat,regatta,intermediate,0,Fiat,5298,1499,55,905,5,4,425,165,142,5.400000095367432,7.400000095367432,NA,7.333333492279053,160,12.399999618530273,8201.80078125
88,Germany,Italy,fiat,croma,standard,0,Fiat,7706,1981,84.5,1120,5,5,449.5,176,143,6.5,NA,9.600000381469727,8.199999809265137,190,10.399999618530273,10725.431640625
88,Germany,Germany,ford,fiesta,subcompact,1,Ford,71394,957,33,750,5,3,365,158.5,133.5,NA,7.099999904632568,6.900000095367432,6.4666666984558105,137,20.600000381469727,5922.12060546875
88,Germany,Germany,ford,escort,compact,1,Ford,84862,1297,44,840,5,3,402,164,137,NA,7.099999904632568,7.400000095367432,6.699999809265137,157,15.399999618530273,6874.791015625
88,Germany,Germany,ford,orion,compact,1,Ford,9393,1297,44,875,5,4,421.5,164,140,NA,7.199999809265137,7.400000095367432,6.733333110809326,157,15.800000190734863,7612.953125
88,Germany,Belgium,ford,sierra,intermediate,1,Ford,80427,1598,55,1025,5,4,442.5,169.5,136,6.099999904632568,NA,8.899999618530273,7.566666603088379,165,14.199999809265137,9026.1865234375
88,Germany,Germany,ford,scorpio,standard,1,Ford,24231,1993,77,1185,5,4,467,176,144,6.199999809265137,7.699999809265137,10.800000190734863,NA,188,11.5,11779.046875
88,Germany,Japan,honda,civic,compact,0,Honda,24774,1343,55,800,5,3,396.5,168,133,NA,6.800000190734863,7.5,6.4666666984558105,168,11,7440.5048828125
88,Germany,Japan,honda,accord,standard,0,Honda,12361,1995,83,1100,5,2,453.5,169.5,135.5,6.900000095367432,NA,10.5,8.699999809265137,191,9.699999809265137,10300.6201171875
88,Germany,Japan,honda,legend,luxury,0,Honda,1444,2476,110,1290,5,4,469,169.5,139,NA,9.300000190734863,12.100000381469727,9.566666603088379,203,8.899999618530273,18843.111328125
88,Germany,Italy,lancia,Y10,subcompact,0,Fiat,5769,999,33,760,5,3,339,151,144,NA,5.800000190734863,6.400000095367432,5.4666666984558105,145,16,5631.90283203125
88,Germany,Italy,lancia,delta,compact,0,Fiat,4417,1574,66,995,5,5,389.5,162,138,6.400000095367432,8.399999618530273,NA,8.300000190734863,185,11,8536.181640625
88,Germany,Italy,lancia,thema,luxury,0,Fiat,2375,1995,85,1130,5,4,459,176,142,6.5,NA,10,8.333333015441895,190,9.699999809265137,13858.939453125
88,Germany,Japan,mazda,121,subcompact,0,Mazda,2991,1313,44,730,4,3,347.5,160.5,145,6,7.5,NA,7.5,160,11.600000381469727,7003.07568359375
88,Germany,Japan,mazda,323,compact,0,Mazda,29834,1323,44,830,5,3,399.5,164.5,139,NA,5.300000190734863,6.5,6.366666793823242,160,NA,6725.4765625
88,Germany,Japan,mazda,626,intermediate,0,Mazda,39891,1984,66,1055,5,4,451.5,169,139.5,7,NA,11,9.166666984558105,190,NA,9244.9013671875
88,Germany,Japan,mazda,929,standard,0,Mazda,2473,2184,85,1310,5.5,4,488.5,170.5,142.5,7,9.300000190734863,11.5,NA,187,9.899999618530273,13396.2744140625
88,Germany,Germany,mercedes,190,luxury,1,Mercedes,96667,1997,77,1130,5,4,442,168,139,6.199999809265137,8.100000381469727,NA,8.366666793823242,183,12.800000190734863,13837.9091796875
88,Germany,Germany,mercedes,200,luxury,1,Mercedes,155543,1997,80,1280,5,4,474,174,144.5,6.400000095367432,8.100000381469727,11.399999618530273,NA,185,13,15899.7158203125
88,Germany,Japan,mitsubishi,colt,compact,0,Mitsubishi,23806,1299,44,800,5,3,387,163.5,136,5.599999904632568,7.5,8.199999809265137,NA,150,NA,7141.87548828125
88,Germany,Japan,mitsubishi,sapporo,standard,0,Mitsubishi,896,2351,91,1245,5,4,466,169,137,NA,8.300000190734863,13,9.366666793823242,190,NA,14258.5146484375
88,Germany,Japan,mitsubishi,galant,intermediate,0,Mitsubishi,12868,1755,66,1060,5,4,453,169.5,141.5,NA,7.699999809265137,10.100000381469727,7.866666793823242,170,12.699999809265137,9631.8583984375
88,Germany,Japan,nissan,micra,subcompact,0,Nissan,20693,981,37,700,4,3,364,156,139.5,5,6.599999904632568,6.400000095367432,NA,142,15.899999618530273,5709.71484375
88,Germany,Japan,nissan,sunny,compact,0,Nissan,27184,1261,44,890,5,3,403,164,138,NA,8,10,8,156,14.899999618530273,6306.97412109375
88,Germany,Japan,nissan,bluebird,intermediate,0,Nissan,13581,1960,77,1160,5,4,436,169,139,NA,8.100000381469727,9.399999618530273,8.100000381469727,175,NA,9734.90625
88,Germany,Spain,opel,corsa,subcompact,1,GeneralMotors,51410,1196,40.5,755,5,3,362,153,136.5,4.900000095367432,NA,7.699999809265137,6.366666793823242,152,16.5,5976.79931640625
88,Germany,Germany,opel,kadet,compact,1,GeneralMotors,226487,1297,44,850,5,3,400,166.5,140,5.599999904632568,7.300000190734863,NA,7.266666412353516,160,16.5,6874.791015625
88,Germany,Germany,opel,vectra,intermediate,1,GeneralMotors,16770,1598,55,1005,5,4,443,170,140,5.199999809265137,NA,8.899999618530273,6.9666666984558105,176,14,9547.7373046875
88,Germany,Germany,opel,omega,standard,1,GeneralMotors,71294,1796,65,1150,5,4,468.5,177,144.5,5.599999904632568,7.099999904632568,NA,7.400000095367432,183,14,11507.7568359375
88,Germany,Germany,opel,senator,luxury,1,GeneralMotors,7920,2935,115,1415,5,4,484.5,176.5,145,7.199999809265137,NA,14.600000381469727,10.233333587646484,220,9,19158.564453125
88,Germany,France,peugeot,205,subcompact,0,Peugeot,34586,1361,44,790,5,3,370.5,156,137.5,NA,6.400000095367432,7.199999809265137,6.066666603088379,159,12.800000190734863,6918.95458984375
88,Germany,France,peugeot,309,compact,0,Peugeot,11795,1118,40.5,850,5,3,405,163,138,5.300000190734863,NA,7.400000095367432,6.5333333015441895,150,17.299999237060547,6170.27734375
88,Germany,France,peugeot,405,intermediate,0,Peugeot,16369,1580,53,1020,5,4,441,171.5,140.5,5.5,NA,9,7.133333206176758,170,14,8775.9267578125
88,Germany,France,peugeot,505,standard,0,Peugeot,2181,2165,85.5,1265,5.699999809265137,5,490,173,154,6.599999904632568,NA,11,8.666666030883789,185,10,13324.771484375
88,Germany,France,renault,4,subcompact,0,Renault,1065,1108,25,720,4,5,366,151,155,5.400000095367432,5.800000190734863,NA,5.833333492279053,120,NA,5295.4189453125
88,Germany,France,renault,5,subcompact,0,Renault,32927,1108,35,725,5,3,359,158.5,139,4.5,NA,5.800000190734863,5.4666666984558105,143,16,5602.46044921875
88,Germany,France,renault,21,intermediate,0,Renault,15237,1721,56,955,5,4,446,170.5,141.5,NA,6.900000095367432,8.800000190734863,7.0333333015441895,176,12,8874.7685546875
88,Germany,France,renault,25,standard,0,Renault,4834,2165,79,1185,5,5,463,177,141,6.199999809265137,7.900000095367432,11.300000190734863,NA,187,11.600000381469727,12639.1845703125
88,Germany,France,renault,9,compact,0,Renault,2025,1397,44,840,5,4,413,166.5,141,5.300000190734863,7.300000190734863,8.300000190734863,NA,160,13.100000381469727,6603.5009765625
88,Germany,France,renault,11,compact,0,Renault,11886,1387,44,850,5,4,404.5,166.5,141,5.300000190734863,NA,8.300000190734863,6.900000095367432,162,13.100000381469727,6603.5009765625
88,Germany,UK,rover,mini,subcompact,0,Rover,3036,998,30,625,4,2,305,141,135,4.699999809265137,6.400000095367432,6.199999809265137,NA,129,17.899999618530273,5045.15869140625
88,Germany,UK,rover,metro,subcompact,0,Rover,1379,998,34.5,750,5,3,340.5,155,137,4.699999809265137,NA,6.199999809265137,5.9666666984558105,140,17.899999618530273,5297.52197265625
88,Germany,UK,rover,200,compact,0,Rover,891,1342,53.5,860,5,5,415.5,162.5,138,5.400000095367432,7.400000095367432,7.400000095367432,NA,155,11.699999809265137,8031.45556640625
88,Germany,UK,rover,sterling,standard,0,Rover,1239,2675,124,1360,5,4,469.5,173,140,8.199999809265137,NA,12.899999618530273,10.133333206176758,215,8.399999618530273,19764.236328125
88,Germany,Sweden,saab,900,standard,0,Saab,1744,1985,87,1120,5,3,468,169,143,6.900000095367432,9.899999618530273,NA,10.066666603088379,175,12,13333.18359375
88,Germany,Sweden,saab,9000,luxury,0,Saab,4268,1985,94,1300,5,5,462,176.5,142,NA,8,11.800000190734863,8.566666603088379,190,10.5,16382.5703125
88,Germany,Spain,seat,marbella,subcompact,0,VW,6157,843,25,680,5,3,347.5,150,144.5,NA,6.900000095367432,7.300000190734863,6.366666793823242,131,24,3978.9248046875
88,Germany,Spain,seat,ibiza,subcompact,0,VW,7348,903,32.5,875,5,3,364,161,139.5,5.5,7.800000190734863,NA,7.433333396911621,155,16,5369.02490234375
88,Germany,Spain,seat,malaga,intermediate,0,VW,1201,1193,46.5,978,5,4,427.5,165,140,NA,7,9.300000190734863,7.099999904632568,150,17,6761.22802734375
88,Germany,Japan,suzuki,alto,subcompact,0,Suzuki,4959,796,29.5,630,4,3,330,140.5,141,NA,7.099999904632568,6.400000095367432,6.166666507720947,133,20.5,4205.21044921875
88,Germany,Japan,suzuki,swift,subcompact,0,Suzuki,7000,993,39,680,5,3,367,153,135,4,6.099999904632568,6.900000095367432,NA,145,15.899999618530273,5472.0732421875
88,Germany,Japan,toyota,starlet,subcompact,0,Toyota,11601,999,40,745,4.5,3,370,159,139.5,5.099999904632568,7.199999809265137,NA,6.133333206176758,150,13.5,6081.95068359375
88,Germany,Japan,toyota,corolla,compact,0,Toyota,40244,1296,55,880,5,3,399.5,165.5,136,NA,7.699999809265137,6.800000190734863,6.733333110809326,155,11.699999809265137,7718.1044921875
88,Germany,Japan,toyota,carina2,intermediate,0,Toyota,10108,1587,66,970,5,4,438,169,137,5.400000095367432,6.900000095367432,8.800000190734863,NA,180,11.5,9408.9375
88,Germany,Japan,toyota,camry,standard,0,Toyota,5072,1998,89,1150,5,4,452,169,137,6,8.5,11,NA,170,NA,12306.90625
88,Germany,Germany,VW,polo,subcompact,1,VW,77347,1035,33,730,4.5,3,365.5,158,135.5,NA,7.599999904632568,7.599999904632568,6.933333396911621,142,19.5,5976.79931640625
88,Germany,Germany,VW,golf,compact,1,VW,346599,1272,40,845,5,3,398.5,166.5,141.5,NA,7.300000190734863,7.900000095367432,6.900000095367432,151,16.5,6998.86962890625
88,Germany,Germany,VW,jetta,compact,1,VW,38234,1272,40,895,5,4,431.5,166.5,141.5,NA,7.5,7.900000095367432,7.0333333015441895,149,17,7848.4921875
88,Germany,Germany,VW,passat,intermediate,1,VW,121485,1595,53,1125,5,4,457.5,170.5,143,5.5,7.300000190734863,NA,7.599999904632568,169,16.100000381469727,9947.3115234375
88,Germany,Netherlands,volvo,340,compact,0,Volvo,3562,1397,52,995,5,5,432,166,139,NA,7.800000190734863,8.800000190734863,7.4666666984558105,155,15,7856.904296875
88,Germany,Sweden,volvo,440-460,intermediate,0,Volvo,1421,1721,66,1015,5,5,431,168,138,5.099999904632568,6.900000095367432,9.399999618530273,NA,175,11.5,10931.5283203125
88,Germany,Sweden,volvo,240,standard,0,Volvo,1598,2300,85.5,1250,5,4,479,171,143,6.699999809265137,9.300000190734863,13,NA,170,12.5,13690.697265625
88,Germany,Sweden,volvo,740-760,luxury,0,Volvo,8425,2316,83,1250,5,4,478.5,175,141,NA,8.899999618530273,11.800000190734863,9.100000381469727,178,12.5,15230.1123046875
88,Italy,Italy,alfa romeo,33,compact,1,Fiat,61951,1351,58,910,5,5,401.5,161,134.5,5.800000190734863,NA,10,7.933333396911621,167,11.5,8706.6162109375
88,Italy,Italy,alfa romeo,75,intermediate,1,Fiat,49027,1567,81,1060,5,4,433,163,140,6.900000095367432,9.399999618530273,11.800000190734863,NA,180,10.699999809265137,11146.353515625
88,Italy,Italy,alfa romeo,164,luxury,1,Fiat,29619,1962,109,1200,5,4,455.5,176,140,6.5,8.5,NA,8.333333015441895,210,9.199999809265137,17241.72265625
88,Italy,Germany,audi,80/90,intermediate,0,VW,43577,1595,54,1020,5,4,439.5,169.5,139.5,5.699999809265137,7.099999904632568,NA,7.599999904632568,174,13.600000381469727,11350.2333984375
88,Italy,Germany,audi,100/200,standard,0,VW,974,1994,85,1250,5,4,479.5,181.5,142,6.699999809265137,8.5,11.399999618530273,NA,190,10.699999809265137,18841.5234375
88,Italy,Germany,BMW,3,standard,0,BMW,15135,1766,66,1010,5,2,432.5,164.5,138,6.599999904632568,8.5,NA,8.600000381469727,182,12.100000381469727,11912.4638671875
88,Italy,Germany,BMW,5,luxury,0,BMW,6966,1990,95,1425,5,4,472,175,141,NA,9.199999809265137,13.600000381469727,10.100000381469727,203,11.899999618530273,20217
88,Italy,France,citroen,2CV6,subcompact,0,Peugeot,384,602,21,585,4,5,383,148,160,5.400000095367432,6.099999904632568,6.800000190734863,NA,115,33.5,4421.7412109375
88,Italy,France,citroen,AX,subcompact,0,Peugeot,40714,954,33,640,5,3,349.5,155,135.5,3.9000000953674316,NA,5.599999904632568,5.0333333015441895,145,17.899999618530273,5336.07470703125
88,Italy,France,citroen,BX,intermediate,0,Peugeot,26539,1124,42,900,5,5,424,168,136,5.099999904632568,NA,7.800000190734863,6.599999904632568,150,15.600000381469727,7828.060546875
88,Italy,France,citroen,CX,standard,0,Peugeot,2199,1995,78,1480,5.800000190734863,5,493,177,146,7.199999809265137,9.399999618530273,NA,9.399999618530273,177,12.100000381469727,13579.27734375
88,Italy,Italy,fiat,126,subcompact,1,Fiat,44243,704,19,620,4,3,310.5,137.5,134.5,4.400000095367432,NA,5.800000190734863,5.099999904632568,116,33,3600.54443359375
88,Italy,Italy,fiat,panda,subcompact,1,Fiat,212643,770,25,700,5,3,341,149.5,142,NA,5.599999904632568,6.199999809265137,5.599999904632568,125,23,4584.1630859375
88,Italy,Italy,fiat,uno,subcompact,1,Fiat,374853,903,33,700,5,3,364.5,155,142.5,NA,5.900000095367432,6.199999809265137,5.5333333015441895,140,16.200000762939453,5567.2138671875
88,Italy,Italy,fiat,tipo,compact,1,Fiat,217414,1108,41,905,5,5,396,170,144.5,4.699999809265137,6.5,7.5,NA,150,17.200000762939453,7969.4697265625
88,Italy,Italy,fiat,regatta,intermediate,1,Fiat,37774,1301,48,890,5,4,425,165,142,NA,7,8.5,6.933333396911621,155,13.5,8165.3984375
88,Italy,Italy,fiat,croma,standard,1,Fiat,41843,1585,61,1095,5,5,449.5,176,143,5.800000190734863,NA,8.800000190734863,7.400000095367432,170,14,11814.783203125
88,Italy,Italy,fiat,duna,compact,1,Fiat,24872,1116,42.5,875,5,4,403,155.5,143,5.099999904632568,NA,8.100000381469727,6.800000190734863,150,16,6850.68896484375
88,Italy,Germany,ford,fiesta,subcompact,0,Ford,26953,957,33,750,5,3,365,158.5,133.5,NA,7.099999904632568,6.900000095367432,6.4666666984558105,137,20.600000381469727,5608.67138671875
88,Italy,Germany,ford,escort,compact,0,Ford,29537,1117,37,825,5,3,402,164,137,NA,6.900000095367432,7.5,6.5,145,18.200000762939453,7460.05517578125
88,Italy,Germany,ford,orion,compact,0,Ford,8088,1392,54,880,5,4,421.5,164,140,NA,7.099999904632568,9,7.166666507720947,165,13.199999809265137,8050.6806640625
88,Italy,Belgium,ford,sierra,intermediate,0,Ford,14415,1598,55,1025,5,4,442.5,169.5,136,NA,7.699999809265137,8.899999618530273,7.566666603088379,165,14.199999809265137,8882.66796875
88,Italy,Germany,ford,scorpio,standard,0,Ford,821,1993,77,1185,5,4,467,176,144,6.199999809265137,7.699999809265137,NA,8.233333587646484,188,11.5,14058.0244140625
88,Italy,Italy,innocenti,500,subcompact,1,DeTomaso,8750,548,23,650,5,4,321,152,138,6,NA,6,6,120,NA,4060.55078125
88,Italy,Italy,innocenti,990,subcompact,1,DeTomaso,3877,993,38,695,5,3,316,152,137,5.5,7.400000095367432,NA,6.933333396911621,145,16.200000762939453,5205.45556640625
88,Italy,Italy,lancia,Y10,subcompact,1,Fiat,110991,999,33,760,5,3,339,151,144,NA,5.800000190734863,6.400000095367432,5.4666666984558105,145,16,6286.18701171875
88,Italy,Italy,lancia,delta,compact,1,Fiat,30707,1301,57,950,5,5,389.5,162,138,5.5,7.400000095367432,8.699999809265137,NA,163,14.300000190734863,8855.408203125
88,Italy,Italy,lancia,thema,luxury,1,Fiat,31936,1995,88,1130,5,4,459,176,142,NA,8.399999618530273,9.600000381469727,8.133333206176758,195,9.699999809265137,15532.31640625
88,Italy,Italy,lancia,prisma,intermediate,1,Fiat,36915,1302,57,950,5,4,418,162,138.5,NA,7.400000095367432,8.699999809265137,7.199999809265137,163,14.300000190734863,9757.248046875
88,Italy,Germany,mercedes,190,luxury,0,Mercedes,12406,1997,77,1130,5,4,442,168,139,6.199999809265137,NA,10.800000190734863,8.366666793823242,183,12.800000190734863,15881.5810546875
88,Italy,Germany,mercedes,200,luxury,0,Mercedes,16851,1997,80,1280,5,4,474,174,144.5,6.400000095367432,8.100000381469727,NA,8.633333206176758,185,13,18449.666015625
88,Italy,Spain,opel,corsa,subcompact,0,GeneralMotors,18702,993,33,740,5,3,362,153,136.5,4.900000095367432,6.599999904632568,7.199999809265137,NA,143,19.5,5522.9169921875
88,Italy,Germany,opel,kadet,compact,0,GeneralMotors,44502,1196,40,850,5,3,400,166.5,140,NA,7.300000190734863,8.899999618530273,7.266666412353516,160,16.5,6802.41650390625
88,Italy,Germany,opel,omega,standard,0,GeneralMotors,4443,1998,90,1200,5,4,468.5,177,144.5,5.599999904632568,7.400000095367432,NA,8,200,10,14840.03515625
88,Italy,Germany,opel,ascona,intermediate,0,GeneralMotors,3681,1297,55,940,5,4,436.5,167,139.5,5.800000190734863,7.800000190734863,8.899999618530273,NA,160,15.5,8374.95703125
88,Italy,France,peugeot,205,subcompact,0,Peugeot,64997,954,32,740,5,3,370.5,156,137.5,4.599999904632568,6.300000190734863,6.800000190734863,NA,143,18.799999237060547,5647.2890625
88,Italy,France,peugeot,309,compact,0,Peugeot,13596,1118,40.5,850,5,3,405,163,138,NA,6.900000095367432,7.400000095367432,6.5333333015441895,150,17.299999237060547,6669.52587890625
88,Italy,France,peugeot,405,intermediate,0,Peugeot,18541,1580,68,1020,5,4,441,171.5,140.5,5.5,6.900000095367432,9,NA,180,11.600000381469727,9358.0078125
88,Italy,France,peugeot,505,standard,0,Peugeot,320,1971,72,1215,5.699999809265137,5,490,173,154,6.400000095367432,8.5,NA,8.899999618530273,175,12.199999809265137,13106.7763671875
88,Italy,France,renault,4,subcompact,0,Renault,13785,956,25,695,4,5,366,148,155,6,6.5,NA,6.5333333015441895,118,NA,4947.625
88,Italy,France,renault,5,subcompact,0,Renault,84046,956,30,710,5,3,359,159,139,NA,6.800000190734863,6.400000095367432,6.0333333015441895,137,16,5572.89306640625
88,Italy,France,renault,21,intermediate,0,Renault,22901,1397,51,935,5,4,446,170.5,141.5,5.300000190734863,6.699999809265137,8.899999618530273,NA,165,13,8762.8388671875
88,Italy,France,renault,25,standard,0,Renault,2224,1995,76,1120,5,5,462.5,177,140.5,5.300000190734863,7,NA,7.300000190734863,182,11.5,15363.080078125
88,Italy,France,renault,11,compact,0,Renault,20345,1237,40.5,850,5,4,404.5,166.5,141,NA,7,7.599999904632568,6.566666603088379,148,16,7436.203125
88,Italy,UK,rover,mini,subcompact,0,Rover,1587,998,30,625,4,2,305,141,135,4.699999809265137,NA,6.199999809265137,5.766666412353516,129,17.899999618530273,4753.39990234375
88,Italy,UK,rover,metro,subcompact,0,Rover,7429,998,34.5,750,5,3,340.5,155,137,4.699999809265137,7,6.199999809265137,NA,140,17.899999618530273,4810.7587890625
88,Italy,UK,rover,montego,intermediate,0,Rover,2516,1275,48.5,950,5,4,447,171,142,5.300000190734863,NA,7.800000190734863,6.800000190734863,154,13,8705.48046875
88,Italy,UK,rover,200,compact,0,Rover,6259,1342,53.5,860,5,5,415.5,162.5,138,NA,7.400000095367432,7.400000095367432,6.733333587646484,155,11.699999809265137,9793.5947265625
88,Italy,UK,rover,800,standard,0,Rover,1488,1996,103,1270,5,4,469.5,173,140,NA,8.199999809265137,10.5,8.433333396911621,203,8.800000190734863,15578.3173828125
88,Italy,Sweden,saab,900,standard,0,Saab,1026,1985,87,1120,5,3,468,169,143,6.900000095367432,NA,13.399999618530273,10.066666603088379,175,12,13110.751953125
88,Italy,Sweden,saab,9000,luxury,0,Saab,3489,1985,98,1300,5,5,462,176.5,142,5.900000095367432,8,NA,8.566666603088379,190,10.5,17976.59765625
88,Italy,Spain,seat,marbella,subcompact,0,VW,25894,843,25,680,5,3,347.5,150,144.5,4.900000095367432,6.900000095367432,NA,6.366666793823242,131,24,4301.34423828125
88,Italy,Spain,seat,ibiza,subcompact,0,VW,42667,903,32.5,875,5,3,364,161,139.5,NA,7.800000190734863,9,7.433333396911621,155,16,5543.36181640625
88,Italy,Spain,seat,malaga,intermediate,0,VW,2888,1193,46.5,978,5,4,427.5,165,140,5,NA,9.300000190734863,7.099999904632568,150,17,7422.5732421875
88,Italy,Germany,VW,polo,subcompact,0,VW,27882,1043,33,730,4.5,3,365.5,158,135.5,NA,7.599999904632568,7.599999904632568,6.933333396911621,142,19.5,5818.7978515625
88,Italy,Germany,VW,golf,compact,0,VW,99811,1272,40,845,5,3,398.5,166.5,141.5,5.5,NA,7.900000095367432,6.900000095367432,151,16.5,8042.162109375
88,Italy,Germany,VW,jetta,compact,0,VW,4946,1272,40,895,5,4,431.5,166.5,141.5,5.699999809265137,7.5,7.900000095367432,NA,149,17,9707.83984375
88,Italy,Germany,VW,passat,intermediate,0,VW,6281,1595,53,1125,5,4,457.5,170.5,143,NA,7.300000190734863,10,7.599999904632568,169,16.100000381469727,11046.40234375
88,Italy,Netherlands,volvo,340,compact,0,Volvo,1031,1397,52,995,5,5,432,166,139,NA,7.800000190734863,8.800000190734863,7.4666666984558105,155,15,9178.548828125
88,Italy,Sweden,volvo,240,standard,0,Volvo,1059,1986,87,1250,5,4,479,171,143,6.599999904632568,9.100000381469727,11.600000381469727,NA,160,14,14418.0791015625
88,Italy,Sweden,volvo,740-760,luxury,0,Volvo,8795,1986,85.5,1250,5,4,478.5,175,141,7,9.199999809265137,13,NA,180,10,16580.109375
88,UK,Italy,alfa romeo,33,compact,0,Fiat,1858,1490,77,910,5,5,401.5,161,134.5,6,NA,10.699999809265137,8.399999618530273,185,9.800000190734863,11214.2578125
88,UK,Italy,alfa romeo,75,intermediate,0,Fiat,1085,1779,88,1060,5,4,433,163,140,7,9.199999809265137,NA,9.466666221618652,190,9.5,14266.6591796875
88,UK,Germany,audi,80/90,intermediate,0,VW,11863,1781,55,1020,5,4,439.5,169.5,139.5,5.400000095367432,6.900000095367432,10.899999618530273,NA,182,12.199999809265137,13933.5498046875
88,UK,Germany,audi,100/200,standard,0,VW,5257,1994,85,1250,5,4,479.5,181.5,142,6.699999809265137,8.5,NA,8.866666793823242,190,10.699999809265137,16946.13671875
88,UK,Germany,BMW,3,standard,0,BMW,26441,1766,66,1010,5,2,432.5,164.5,138,6.599999904632568,NA,10.699999809265137,8.600000381469727,182,12.100000381469727,13802.1640625
88,UK,Germany,BMW,5,luxury,0,BMW,11842,1990,95,1425,5,4,472,175,141,7.5,9.199999809265137,NA,10.100000381469727,203,11.899999618530273,21214.19140625
88,UK,France,citroen,2CV6,subcompact,0,Peugeot,6096,602,21,585,4,5,383,148,160,5.400000095367432,NA,6.800000190734863,6.099999904632568,115,33.5,4817.48583984375
88,UK,France,citroen,AX,subcompact,0,Peugeot,22376,954,33,640,5,3,349.5,155,135.5,3.9000000953674316,NA,5.599999904632568,5.0333333015441895,145,17.899999618530273,6346.3408203125
88,UK,France,citroen,BX,intermediate,0,Peugeot,36210,1360,46,900,5,5,424,168,136,5.599999904632568,NA,7.699999809265137,6.933333396911621,155,15.600000381469727,8541.416015625
88,UK,France,citroen,CX,standard,0,Peugeot,1291,2165,84.5,1355,5.800000190734863,5,493,177,146,6.599999904632568,8.5,NA,9.033332824707031,186,10.600000381469727,15113.369140625
88,UK,France,citroen,visa,subcompact,0,Peugeot,956,1769,44,890,4.5,5,372,153,140,NA,5.900000095367432,5.5,5.233333587646484,153,15.699999809265137,7792.9140625
88,UK,Japan,daihatsu,domino,subcompact,0,Toyota,392,847,32,595,4,3,319.5,139.5,139.5,4,6.300000190734863,NA,5.366666793823242,135,15.699999809265137,6402.08056640625
88,UK,Japan,daihatsu,charade,subcompact,0,Toyota,2038,993,40,680,4.5,5,361,160,138.5,4.199999809265137,NA,6.699999809265137,5.699999809265137,145,14,7563.3203125
88,UK,Italy,fiat,126,subcompact,0,Fiat,2217,704,19,620,4,3,310.5,137.5,134.5,NA,5.099999904632568,5.800000190734863,5.099999904632568,116,33,3568.655517578125
88,UK,Italy,fiat,panda,subcompact,0,Fiat,19847,770,25,700,5,3,341,149.5,142,5,5.599999904632568,NA,5.599999904632568,125,23,5307.197265625
88,UK,Italy,fiat,uno,subcompact,0,Fiat,40712,903,33,700,5,3,364.5,155,142.5,4.5,5.900000095367432,NA,5.5333333015441895,140,16.200000762939453,6562.66357421875
88,UK,Italy,fiat,tipo,compact,0,Fiat,4051,1372,53,945,5,5,396,170,144.5,5.199999809265137,NA,8.5,6.933333396911621,161,13,9488.9873046875
88,UK,Italy,fiat,regatta,intermediate,0,Fiat,2946,1299,48,890,5,4,425,165,142,5.300000190734863,NA,8.5,6.933333396911621,155,13.5,9288.5908203125
88,UK,Italy,fiat,croma,standard,0,Fiat,3441,1995,66,1110,5,5,449.5,176,143,5.5,7.199999809265137,NA,7.066666603088379,180,11.800000190734863,13601.7666015625
88,UK,UK,ford,fiesta,subcompact,1,Ford,144991,957,33,750,5,3,365,158.5,133.5,5.400000095367432,7.099999904632568,NA,6.4666666984558105,137,20.600000381469727,6510.9052734375
88,UK,UK,ford,escort,compact,1,Ford,172706,1297,44,840,5,3,402,164,137,5.599999904632568,7.099999904632568,7.400000095367432,NA,157,15.399999618530273,7925.626953125
88,UK,UK,ford,orion,compact,1,Ford,67713,1297,44,875,5,4,421.5,164,140,5.599999904632568,7.199999809265137,7.400000095367432,NA,157,15.800000190734863,10007.8955078125
88,UK,UK,ford,sierra,intermediate,1,Ford,162684,1593,55,1025,5,4,442.5,169.5,136,NA,7.699999809265137,8.899999618530273,7.566666603088379,165,14.199999809265137,10704.6396484375
88,UK,Germany,ford,scorpio,standard,1,Ford,35524,1993,77,1185,5,4,467,176,144,6.199999809265137,7.699999809265137,10.800000190734863,NA,188,11.5,15918.9375
88,UK,Japan,honda,civic,compact,0,Honda,10654,1343,55,800,5,3,396.5,168,133,5.099999904632568,NA,7.5,6.4666666984558105,168,11,9090.8486328125
88,UK,Japan,honda,accord,standard,0,Honda,8788,1955,78,1100,5,4,453.5,169.5,135.5,NA,8.699999809265137,10.5,8.699999809265137,184,9.699999809265137,12806.8154296875
88,UK,Japan,honda,legend,luxury,0,Honda,1036,2675,127,1290,5,4,469,169.5,139,NA,9.300000190734863,12.899999618530273,10.133333206176758,213,8.800000190734863,26940.76171875
88,UK,Japan,honda,integra,intermediate,0,Honda,2652,1488,65,900,5,4,438,166.5,134.5,6,NA,12,9,170,NA,11214.2578125
88,UK,Korea,hyundai,pony,compact,0,Hyundai,8313,1298,48.5,870,5,3,398.5,159.5,138,6,8.100000381469727,NA,7.5333333015441895,155,NA,6302.5458984375
88,UK,Korea,hyundai,stellar,intermediate,0,Hyundai,3052,1597,55,1000,5,4,441.5,171.5,137,NA,10.5,13,10.5,160,NA,8293.2421875
88,UK,Italy,lancia,Y10,subcompact,0,Fiat,1056,999,33,760,5,3,339,151,144,4.199999809265137,NA,6.400000095367432,5.4666666984558105,145,16,6894.4462890625
88,UK,Italy,lancia,delta,compact,0,Fiat,1660,1299,57,950,5,5,389.5,162,138,5.5,7.400000095367432,8.699999809265137,NA,163,14.300000190734863,8878.5068359375
88,UK,Italy,lancia,thema,luxury,0,Fiat,656,1995,88,1130,5,4,459,176,142,6.400000095367432,NA,9.600000381469727,8.133333206176758,195,9.699999809265137,16582.50390625
88,UK,Italy,lancia,prisma,intermediate,0,Fiat,692,1585,79,990,5,4,418,162,138.5,6.300000190734863,8.199999809265137,NA,8.166666984558105,180,10.399999618530273,10875.83984375
88,UK,Japan,mazda,121,subcompact,0,Mazda,2393,1138,41,700,4,3,347.5,160.5,145,5,7,NA,7,150,13.600000381469727,7297.89404296875
88,UK,Japan,mazda,323,compact,0,Mazda,9856,1323,50,830,5,3,399.5,164.5,139,7.300000190734863,NA,6.5,6.366666793823242,160,NA,8492.3125
88,UK,Japan,mazda,626,intermediate,0,Mazda,8246,1789,66,1070,5,4,451.5,169,139.5,7,9,11,NA,172,13,11146.57421875
88,UK,Germany,mercedes,190,luxury,0,Mercedes,8163,1997,77,1130,5,4,442,168,139,6.199999809265137,NA,10.800000190734863,8.366666793823242,183,12.800000190734863,18380.765625
88,UK,Germany,mercedes,200,luxury,0,Mercedes,11155,1997,80,1280,5,4,474,174,144.5,6.400000095367432,8.100000381469727,11.399999618530273,NA,185,13,21366.810546875
88,UK,Japan,mitsubishi,colt,compact,0,Mitsubishi,3130,1198,51,800,5,3,387,163.5,136,5.599999904632568,7.5,8.199999809265137,NA,150,NA,7510.23486328125
88,UK,Japan,mitsubishi,lancer,intermediate,0,Mitsubishi,1279,1468,55,840,5,4,412.5,163.5,136,NA,7.099999904632568,8.399999618530273,6.899999618530273,153,NA,10045.0556640625
88,UK,Japan,mitsubishi,galant,intermediate,0,Mitsubishi,2768,1755,66,1060,5,4,453,169.5,141.5,NA,7.699999809265137,10.100000381469727,7.866666793823242,170,12.699999809265137,12473.705078125
88,UK,Japan,nissan,micra,subcompact,0,Nissan,52191,988,37,700,4,3,364,156,139.5,5,6.599999904632568,NA,6,142,15.899999618530273,6871.884765625
88,UK,Japan,nissan,sunny,compact,0,Nissan,34829,1270,44,890,5,5,403,164,138,6,8,10,NA,156,14.899999618530273,9157.205078125
88,UK,Japan,nissan,bluebird,intermediate,0,Nissan,41729,1598,62,1070,5,4,436,169,139,7,NA,10,8.5,165,NA,11279.287109375
88,UK,Japan,nissan,laurel,standard,0,Nissan,560,2393,94,1240,5,4,465,169,142,NA,12,15,12,190,10.399999618530273,17112.029296875
88,UK,Spain,opel,corsa,subcompact,1,GeneralMotors,56931,993,33,740,5,3,362,153,136.5,4.900000095367432,6.599999904632568,NA,6.233333110809326,143,19.5,6626.36572265625
88,UK,UK,opel,kadet,compact,1,GeneralMotors,98094,1196,40,850,5,3,400,166.5,140,5.599999904632568,7.300000190734863,8.899999618530273,NA,160,16.5,8374.197265625
88,UK,UK,opel,vectra,intermediate,1,GeneralMotors,96462,1396,55,990,5,4,443,170,140,5,6.300000190734863,NA,6.833333492279053,176,14.5,10469.7373046875
88,UK,Germany,opel,omega,standard,1,GeneralMotors,33744,1796,65,1150,5,4,468.5,177,144.5,5.599999904632568,NA,9.5,7.400000095367432,183,14,15093.4619140625
88,UK,Germany,opel,senator,luxury,1,GeneralMotors,4754,2490,103,1405,5,4,484.5,176,145,7,NA,13,9.533333778381348,210,11,20757.658203125
88,UK,UK,opel,ascona,intermediate,1,GeneralMotors,16801,1297,55,940,5,4,436.5,167,139.5,5.800000190734863,NA,8.899999618530273,7.5,160,15.5,9193.037109375
88,UK,France,peugeot,205,subcompact,0,Peugeot,54147,954,32,740,5,3,370.5,156,137.5,4.599999904632568,6.300000190734863,6.800000190734863,NA,143,18.799999237060547,6629.02001953125
88,UK,UK,peugeot,309,compact,0,Peugeot,36100,1118,40.5,850,5,3,405,163,138,NA,6.900000095367432,7.400000095367432,6.5333333015441895,150,17.299999237060547,7757.08154296875
88,UK,UK,peugeot,405,intermediate,0,Peugeot,29756,1580,68,1020,5,4,441,171.5,140.5,5.5,6.900000095367432,9,NA,180,11.600000381469727,10709.9482421875
88,UK,France,peugeot,505,standard,0,Peugeot,3372,1971,79,1215,5.699999809265137,5,490,173,154,6.400000095367432,8.5,NA,8.899999618530273,175,12.199999809265137,14757.6982421875
88,UK,France,peugeot,305,compact,0,Peugeot,2653,1472,54,930,5,4,426.5,163.5,141,5.599999904632568,7.400000095367432,8.899999618530273,NA,160,14,10464.4287109375
88,UK,France,renault,5,subcompact,0,Renault,35359,1108,35,725,5,3,359,158.5,139,NA,6.099999904632568,5.800000190734863,5.4666666984558105,143,16,6396.77197265625
88,UK,France,renault,21,intermediate,0,Renault,23301,1721,56,955,5,4,446,170.5,141.5,5.400000095367432,6.900000095367432,8.800000190734863,NA,176,12,10271.9951171875
88,UK,France,renault,25,standard,0,Renault,8345,1995,88,1120,5,5,462.5,177,140.5,5.300000190734863,7,NA,7.300000190734863,182,11.5,16210.90625
88,UK,France,renault,9,compact,0,Renault,3373,1237,40.5,825,5,4,413,166.5,141,5.300000190734863,7.300000190734863,7.599999904632568,NA,146,16,8248.1201171875
88,UK,France,renault,11,compact,0,Renault,12946,1237,40.5,850,5,4,404.5,166.5,141,5.099999904632568,NA,7.599999904632568,6.566666603088379,148,16,7909.70166015625
88,UK,UK,rover,mini,subcompact,1,Rover,14108,998,30,625,4,2,305,141,135,4.699999809265137,NA,6.199999809265137,5.766666412353516,129,17.899999618530273,5572.62353515625
88,UK,UK,rover,metro,subcompact,1,Rover,116811,998,34.5,750,5,3,340.5,155,137,NA,7,6.199999809265137,5.9666666984558105,140,17.899999618530273,6500.2880859375
88,UK,UK,rover,montego,intermediate,1,Rover,63649,1275,50.5,950,5,4,447,171,142,5.300000190734863,7.300000190734863,7.800000190734863,NA,154,13,10083.5419921875
88,UK,UK,rover,maestro,compact,1,Rover,43982,1275,50.5,875,5,5,400,169,142,5.400000095367432,7.5,7.800000190734863,NA,156,12.5,8114.07958984375
88,UK,UK,rover,200,compact,1,Rover,58890,1342,52,860,5,5,415.5,162.5,138,5.400000095367432,7.400000095367432,NA,6.733333587646484,155,11.699999809265137,10436.5595703125
88,UK,UK,rover,800,standard,1,Rover,28966,1994,74,1270,5,4,469.5,173,140,8,7.300000190734863,14,NA,195,11,15918.9375
88,UK,Sweden,saab,900,standard,0,Saab,5269,1985,74,1120,5,3,468,169,143,6.800000190734863,NA,12.899999618530273,9.766666412353516,165,14,13603.09375
88,UK,Sweden,saab,9000,luxury,0,Saab,5410,1985,95.5,1300,5,5,462,176.5,142,5.900000095367432,8,NA,8.566666603088379,190,10.5,19369.478515625
88,UK,Spain,seat,marbella,subcompact,0,VW,1666,843,26,680,5,3,347.5,150,144.5,4.900000095367432,NA,7.300000190734863,6.366666793823242,131,24,5041.77099609375
88,UK,Spain,seat,ibiza,subcompact,0,VW,7109,903,32.5,875,5,3,364,161,139.5,5.5,7.800000190734863,NA,7.433333396911621,155,16,6104.80322265625
88,UK,Spain,seat,malaga,intermediate,0,VW,670,1193,46.5,978,5,4,427.5,165,140,5,7,9.300000190734863,NA,150,17,8487.00390625
88,UK,Japan,suzuki,alto,subcompact,0,Suzuki,421,796,29.5,630,4,3,330,140.5,141,5,NA,6.400000095367432,6.166666507720947,133,20.5,6768.36865234375
88,UK,Japan,suzuki,swift,subcompact,0,Suzuki,1682,1324,50,700,5,3,367,153,135,NA,5.800000190734863,6.300000190734863,5.433333396911621,163,14.899999618530273,7563.3203125
88,UK,Japan,toyota,starlet,subcompact,0,Toyota,782,999,40,745,4.5,3,370,159,139.5,NA,7.199999809265137,6.099999904632568,6.133333206176758,150,13.5,8594.5009765625
88,UK,Japan,toyota,corolla,compact,0,Toyota,17620,1295,54,880,5,3,399.5,165.5,136,NA,7.699999809265137,6.800000190734863,6.733333110809326,155,11.699999809265137,9885.7998046875
88,UK,Japan,toyota,carina2,intermediate,0,Toyota,6879,1587,75,970,5,4,438,169,137,5.400000095367432,NA,8.800000190734863,7.0333333015441895,180,11.5,13179.7392578125
88,UK,Japan,toyota,camry,standard,0,Toyota,3596,1998,93,1150,5,4,452,169,137,6,NA,11,8.5,170,NA,15993.2568359375
88,UK,Germany,VW,polo,subcompact,0,VW,31063,1043,33,730,4.5,3,365.5,158,135.5,5.599999904632568,7.599999904632568,NA,6.933333396911621,142,19.5,6806.85546875
88,UK,Germany,VW,golf,compact,0,VW,51400,1272,40,845,5,3,398.5,166.5,141.5,5.5,7.300000190734863,NA,6.900000095367432,151,16.5,9455.8095703125
88,UK,Germany,VW,jetta,compact,0,VW,7596,1272,40,895,5,4,431.5,166.5,141.5,5.699999809265137,NA,7.900000095367432,7.0333333015441895,149,17,9949.501953125
88,UK,Germany,VW,passat,intermediate,0,VW,6781,1781,66,1125,5,4,457.5,170.5,143,6,7.599999904632568,NA,8.033332824707031,177,13.800000190734863,13255.3857421875
88,UK,Netherlands,volvo,340,compact,0,Volvo,43529,1397,53,995,5,5,432,166,139,5.800000190734863,7.800000190734863,NA,7.4666666984558105,155,15,9256.7392578125
88,UK,Sweden,volvo,240,standard,0,Volvo,7984,1986,87,1250,5,4,479,171,143,6.599999904632568,NA,11.600000381469727,9.100000381469727,160,14,14326.380859375
88,UK,Sweden,volvo,740-760,luxury,0,Volvo,25070,1986,89,1250,5,4,478.5,175,141,7,NA,13,9.733333587646484,180,10,16297.169921875
88,UK,Yugoslavia,yugo,,subcompact,0,Yugo,8749,903,33,720,4.5,3,349,154,139,5.900000095367432,8.100000381469727,8.399999618530273,NA,135,21.700000762939453,4664.86572265625
